id,name,model_id:id,group_id:id,perm_read,perm_write,perm_create,perm_unlink
access_tapis_product_user,tapis.product.user,model_tapis_product,group_tapis_user,1,1,0,0
access_tapis_product_manager,tapis.product.manager,model_tapis_product,group_tapis_manager,1,1,1,1
access_tapis_design_user,tapis.design.user,model_tapis_design,group_tapis_user,1,1,1,0
access_tapis_design_manager,tapis.design.manager,model_tapis_design,group_tapis_manager,1,1,1,1
access_tapis_design_color_line_user,tapis.design.color.line.user,model_tapis_design_color_line,group_tapis_user,1,1,1,1
access_tapis_design_color_line_manager,tapis.design.color.line.manager,model_tapis_design_color_line,group_tapis_manager,1,1,1,1
access_tapis_employee_user,tapis.employee.user,model_tapis_employee,group_tapis_user,1,0,0,0
access_tapis_employee_manager,tapis.employee.manager,model_tapis_employee,group_tapis_manager,1,1,1,1
access_tapis_production_user,tapis.production.user,model_tapis_production,group_tapis_user,1,1,1,0
access_tapis_production_manager,tapis.production.manager,model_tapis_production,group_tapis_manager,1,1,1,1
access_tapis_sale_user,tapis.sale.user,model_tapis_sale,group_tapis_user,1,1,1,0
access_tapis_sale_manager,tapis.sale.manager,model_tapis_sale,group_tapis_manager,1,1,1,1
access_tapis_stock_user,tapis.stock.user,model_tapis_stock_move,group_tapis_user,1,1,1,0
access_tapis_stock_manager,tapis.stock.manager,model_tapis_stock_move,group_tapis_manager,1,1,1,1
access_tapis_dashboard_user,tapis.dashboard.user,model_tapis_dashboard,group_tapis_user,1,0,0,0
access_tapis_dashboard_manager,tapis.dashboard.manager,model_tapis_dashboard,group_tapis_manager,1,1,1,1
access_tapis_tag_user,tapis.tag.user,model_tapis_tag,group_tapis_user,1,0,0,0
access_tapis_tag_manager,tapis.tag.manager,model_tapis_tag,group_tapis_manager,1,1,1,1
access_tapis_supplier_user,tapis.supplier.user,model_tapis_supplier,group_tapis_user,1,1,0,0
access_tapis_supplier_manager,tapis.supplier.manager,model_tapis_supplier,group_tapis_manager,1,1,1,1
access_tapis_purchase_user,tapis.purchase.user,model_tapis_purchase,group_tapis_user,1,1,0,0
access_tapis_purchase_manager,tapis.purchase.manager,model_tapis_purchase,group_tapis_manager,1,1,1,1
access_tapis_warehouse_user,tapis.warehouse.user,model_tapis_warehouse,group_tapis_user,1,0,0,0
access_tapis_warehouse_manager,tapis.warehouse.manager,model_tapis_warehouse,group_tapis_manager,1,1,1,1
access_tapis_stock_quant_user,tapis.stock.quant.user,model_tapis_stock_quant,group_tapis_user,1,0,0,0
access_tapis_stock_quant_manager,tapis.stock.quant.manager,model_tapis_stock_quant,group_tapis_manager,1,1,1,1
access_tapis_stock_transfer_user,tapis.stock.transfer.user,model_tapis_stock_transfer,group_tapis_user,1,1,0,0
access_tapis_stock_transfer_manager,tapis.stock.transfer.manager,model_tapis_stock_transfer,group_tapis_manager,1,1,1,1
access_tapis_reorder_rule_user,tapis.reorder.rule.user,model_tapis_reorder_rule,group_tapis_user,1,1,1,1
access_tapis_reorder_rule_manager,tapis.reorder.rule.manager,model_tapis_reorder_rule,group_tapis_manager,1,1,1,1
access_tapis_customer_user,tapis.customer.user,model_tapis_customer,group_tapis_user,1,1,0,0
access_tapis_customer_manager,tapis.customer.manager,model_tapis_customer,group_tapis_manager,1,1,1,1
access_tapis_customer_payment_user,tapis.customer.payment.user,model_tapis_customer_payment,group_tapis_user,1,1,0,0
access_tapis_customer_payment_manager,tapis.customer.payment.manager,model_tapis_customer_payment,group_tapis_manager,1,1,1,1
access_tapis_raw_material_user,tapis.raw.material.user,model_tapis_raw_material,group_tapis_user,1,1,0,0
access_tapis_raw_material_manager,tapis.raw.material.manager,model_tapis_raw_material,group_tapis_manager,1,1,1,1
access_tapis_bom_user,tapis.bom.user,model_tapis_bom,group_tapis_user,1,1,0,0
access_tapis_bom_manager,tapis.bom.manager,model_tapis_bom,group_tapis_manager,1,1,1,1
access_tapis_bom_line_user,tapis.bom.line.user,model_tapis_bom_line,group_tapis_user,1,1,0,0
access_tapis_bom_line_manager,tapis.bom.line.manager,model_tapis_bom_line,group_tapis_manager,1,1,1,1
access_tapis_quality_inspection_user,tapis.quality.inspection.user,model_tapis_quality_inspection,group_tapis_user,1,1,0,0
access_tapis_quality_inspection_manager,tapis.quality.inspection.manager,model_tapis_quality_inspection,group_tapis_manager,1,1,1,1
access_tapis_invoice_user,tapis.invoice.user,model_tapis_invoice,group_tapis_user,1,1,0,0
access_tapis_invoice_manager,tapis.invoice.manager,model_tapis_invoice,group_tapis_manager,1,1,1,1
access_tapis_analytics_dashboard_user,tapis.analytics.dashboard.user,model_tapis_analytics_dashboard,group_tapis_user,1,0,0,0
access_tapis_analytics_dashboard_manager,tapis.analytics.dashboard.manager,model_tapis_analytics_dashboard,group_tapis_manager,1,1,1,1
access_tapis_equipment_user,tapis.equipment.user,model_tapis_equipment,group_tapis_user,1,0,0,0
access_tapis_equipment_manager,tapis.equipment.manager,model_tapis_equipment,group_tapis_manager,1,1,1,1
access_tapis_maintenance_order_user,tapis.maintenance.order.user,model_tapis_maintenance_order,group_tapis_user,1,0,0,0
access_tapis_maintenance_order_manager,tapis.maintenance.order.manager,model_tapis_maintenance_order,group_tapis_manager,1,1,1,1
access_tapis_project_user,tapis.project.user,model_tapis_project,group_tapis_user,1,1,0,0
access_tapis_project_manager,tapis.project.manager,model_tapis_project,group_tapis_manager,1,1,1,1
access_tapis_project_tag_user,tapis.project.tag.user,model_tapis_project_tag,group_tapis_user,1,1,0,0
access_tapis_project_tag_manager,tapis.project.tag.manager,model_tapis_project_tag,group_tapis_manager,1,1,1,1
access_tapis_task_user,tapis.task.user,model_tapis_task,group_tapis_user,1,1,0,0
access_tapis_task_manager,tapis.task.manager,model_tapis_task,group_tapis_manager,1,1,1,1
access_tapis_task_timesheet_user,tapis.task.timesheet.user,model_tapis_task_timesheet,group_tapis_user,1,1,0,0
access_tapis_task_timesheet_manager,tapis.task.timesheet.manager,model_tapis_task_timesheet,group_tapis_manager,1,1,1,1
access_tapis_crm_stage_user,tapis.crm.stage.user,model_tapis_crm_stage,group_tapis_user,1,0,0,0
access_tapis_crm_stage_manager,tapis.crm.stage.manager,model_tapis_crm_stage,group_tapis_manager,1,1,1,1
access_tapis_crm_lead_user,tapis.crm.lead.user,model_tapis_crm_lead,group_tapis_user,1,1,0,0
access_tapis_crm_lead_manager,tapis.crm.lead.manager,model_tapis_crm_lead,group_tapis_manager,1,1,1,1
access_tapis_supplier_pricelist_user,tapis.supplier.pricelist.user,model_tapis_supplier_pricelist,group_tapis_user,1,1,0,0
access_tapis_supplier_pricelist_manager,tapis.supplier.pricelist.manager,model_tapis_supplier_pricelist,group_tapis_manager,1,1,1,1
access_tapis_cost_center_user,tapis.cost.center.user,model_tapis_cost_center,group_tapis_user,1,0,0,0
access_tapis_cost_center_manager,tapis.cost.center.manager,model_tapis_cost_center,group_tapis_manager,1,1,1,1
access_tapis_budget_user,tapis.budget.user,model_tapis_budget,group_tapis_user,1,0,0,0
access_tapis_budget_manager,tapis.budget.manager,model_tapis_budget,group_tapis_manager,1,1,1,1
access_tapis_budget_line_user,tapis.budget.line.user,model_tapis_budget_line,group_tapis_user,1,0,0,0
access_tapis_budget_line_manager,tapis.budget.line.manager,model_tapis_budget_line,group_tapis_manager,1,1,1,1
access_tapis_document_folder_user,tapis.document.folder.user,model_tapis_document_folder,group_tapis_user,1,0,0,0
access_tapis_document_folder_manager,tapis.document.folder.manager,model_tapis_document_folder,group_tapis_manager,1,1,1,1
access_tapis_document_user,tapis.document.user,model_tapis_document,group_tapis_user,1,1,0,0
access_tapis_document_manager,tapis.document.manager,model_tapis_document,group_tapis_manager,1,1,1,1
access_tapis_approval_category_user,tapis.approval.category.user,model_tapis_approval_category,group_tapis_user,1,0,0,0
access_tapis_approval_category_manager,tapis.approval.category.manager,model_tapis_approval_category,group_tapis_manager,1,1,1,1
access_tapis_approval_rule_user,tapis.approval.rule.user,model_tapis_approval_rule,group_tapis_user,1,0,0,0
access_tapis_approval_rule_manager,tapis.approval.rule.manager,model_tapis_approval_rule,group_tapis_manager,1,1,1,1
access_tapis_approval_request_user,tapis.approval.request.user,model_tapis_approval_request,group_tapis_user,1,1,0,0
access_tapis_approval_request_manager,tapis.approval.request.manager,model_tapis_approval_request,group_tapis_manager,1,1,1,1
access_tapis_approval_request_line_user,tapis.approval.request.line.user,model_tapis_approval_request_line,group_tapis_user,1,0,0,0
access_tapis_approval_request_line_manager,tapis.approval.request.line.manager,model_tapis_approval_request_line,group_tapis_manager,1,1,1,1
access_tapis_communication_template_user,tapis.communication.template.user,model_tapis_communication_template,group_tapis_user,1,0,0,0
access_tapis_communication_template_manager,tapis.communication.template.manager,model_tapis_communication_template,group_tapis_manager,1,1,1,1
access_tapis_communication_log_user,tapis.communication.log.user,model_tapis_communication_log,group_tapis_user,1,0,0,0
access_tapis_communication_log_manager,tapis.communication.log.manager,model_tapis_communication_log,group_tapis_manager,1,1,1,1
access_tapis_automation_job_user,tapis.automation.job.user,model_tapis_automation_job,group_tapis_user,1,0,0,0
access_tapis_automation_job_manager,tapis.automation.job.manager,model_tapis_automation_job,group_tapis_manager,1,1,1,1
access_tapis_automation_job_log_user,tapis.automation.job.log.user,model_tapis_automation_job_log,group_tapis_user,1,0,0,0
access_tapis_automation_job_log_manager,tapis.automation.job.log.manager,model_tapis_automation_job_log,group_tapis_manager,1,1,1,1
access_tapis_audit_log_user,tapis.audit.log.user,model_tapis_audit_log,group_tapis_user,1,0,0,0
access_tapis_audit_log_manager,tapis.audit.log.manager,model_tapis_audit_log,group_tapis_manager,1,0,0,0
access_tapis_audit_log_audit,tapis.audit.log.audit,model_tapis_audit_log,group_audit_manager,1,0,0,0
access_tapis_signature_template_user,tapis.signature.template.user,model_tapis_signature_template,group_tapis_user,1,0,0,0
access_tapis_signature_template_manager,tapis.signature.template.manager,model_tapis_signature_template,group_tapis_manager,1,1,1,1
access_tapis_signature_role_user,tapis.signature.role.user,model_tapis_signature_role,group_tapis_user,1,0,0,0
access_tapis_signature_role_manager,tapis.signature.role.manager,model_tapis_signature_role,group_tapis_manager,1,1,1,1
access_tapis_signature_request_user,tapis.signature.request.user,model_tapis_signature_request,group_tapis_user,1,1,1,0
access_tapis_signature_request_manager,tapis.signature.request.manager,model_tapis_signature_request,group_tapis_manager,1,1,1,1
access_tapis_signature_request_line_user,tapis.signature.request.line.user,model_tapis_signature_request_line,group_tapis_user,1,0,0,0
access_tapis_signature_request_line_manager,tapis.signature.request.line.manager,model_tapis_signature_request_line,group_tapis_manager,1,1,1,1
access_tapis_security_department_user,tapis.security.department.user,model_tapis_security_department,group_tapis_user,1,0,0,0
access_tapis_security_department_manager,tapis.security.department.manager,model_tapis_security_department,group_tapis_manager,1,1,1,1
access_tapis_security_department_admin,tapis.security.department.admin,model_tapis_security_department,group_security_manager,1,1,1,1
access_tapis_security_policy_user,tapis.security.policy.user,model_tapis_security_policy,group_tapis_user,1,0,0,0
access_tapis_security_policy_manager,tapis.security.policy.manager,model_tapis_security_policy,group_tapis_manager,1,1,1,1
access_tapis_security_policy_admin,tapis.security.policy.admin,model_tapis_security_policy,group_security_manager,1,1,1,1
access_tapis_security_incident_user,tapis.security.incident.user,model_tapis_security_incident,group_tapis_user,1,0,0,0
access_tapis_security_incident_manager,tapis.security.incident.manager,model_tapis_security_incident,group_tapis_manager,1,1,1,1
access_tapis_security_incident_admin,tapis.security.incident.admin,model_tapis_security_incident,group_security_manager,1,1,1,1
access_tapis_company_profile_user,tapis.company.profile.user,model_tapis_company_profile,group_tapis_user,1,0,0,0
access_tapis_company_profile_manager,tapis.company.profile.manager,model_tapis_company_profile,group_multicompany_manager,1,1,1,1
access_tapis_intercompany_rule_user,tapis.intercompany.rule.user,model_tapis_intercompany_rule,group_tapis_user,1,0,0,0
access_tapis_intercompany_rule_manager,tapis.intercompany.rule.manager,model_tapis_intercompany_rule,group_multicompany_manager,1,1,1,1
access_tapis_ai_provider_user,tapis.ai.provider.user,model_tapis_ai_provider,group_tapis_user,1,0,0,0
access_tapis_ai_provider_manager,tapis.ai.provider.manager,model_tapis_ai_provider,group_tapis_manager,1,1,1,1
access_tapis_ai_analysis_log_user,tapis.ai.analysis.log.user,model_tapis_ai_analysis_log,group_tapis_user,1,0,0,0
access_tapis_ai_analysis_log_manager,tapis.ai.analysis.log.manager,model_tapis_ai_analysis_log,group_tapis_manager,1,1,1,1
